req_id,title,department,level,region,hiring_manager,opened_at,status,comp_min,comp_max
REQ-4100,Software Engineer,Security,IC3,AMER,s.bello,2026-08-13,Open,110000,160000
REQ-4101,Product Designer,Product,IC2,AMER,r.aldridge,2026-07-15,Open,110000,160000
REQ-4102,Product Designer,Deployment Strategy,IC5,AMER,k.ivanov,2026-04-11,Open,110000,140000
REQ-4103,Recruiting Coordinator,Product,IC4,EMEA,s.bello,2026-07-15,Closed,120000,160000
REQ-4104,Software Engineer,Product,IC2,EMEA,t.moreau,2026-04-07,Open,110000,140000
REQ-4105,Product Designer,Engineering,IC5,AMER,t.moreau,2026-04-01,Open,140000,180000
REQ-4106,Recruiting Coordinator,Engineering,IC2,APAC,s.bello,2026-06-26,Closed,120000,150000
REQ-4107,Security Engineer,Security,IC5,APAC,t.moreau,2026-07-29,Open,110000,140000
REQ-4108,Recruiting Coordinator,Engineering,IC3,APAC,s.bello,2026-07-29,Open,130000,170000
REQ-4109,Recruiting Coordinator,Security,IC2,AMER,r.aldridge,2026-06-20,Open,120000,150000
REQ-4110,Product Designer,Security,IC3,APAC,k.ivanov,2026-05-30,Closed,120000,170000
REQ-4111,Forward Deployed Engineer,Security,IC3,AMER,t.moreau,2026-04-12,Open,140000,190000
REQ-4112,Data Engineer,Deployment Strategy,IC3,APAC,k.ivanov,2026-08-16,Open,140000,170000
REQ-4113,Recruiting Coordinator,Deployment Strategy,IC5,APAC,r.aldridge,2026-06-02,Open,120000,160000
REQ-4114,Product Designer,Engineering,IC2,APAC,t.moreau,2026-03-28,Open,130000,170000
REQ-4115,Forward Deployed Engineer,Product,IC2,APAC,t.moreau,2026-05-03,Open,140000,190000
REQ-4116,Recruiting Coordinator,Security,IC3,AMER,t.moreau,2026-07-29,Open,110000,160000
REQ-4117,Product Designer,Security,IC5,AMER,r.aldridge,2026-06-08,Closed,110000,150000
REQ-4118,Software Engineer,Deployment Strategy,IC2,AMER,k.ivanov,2026-08-22,Closed,120000,170000
REQ-4119,Forward Deployed Engineer,Product,IC3,EMEA,k.ivanov,2026-07-16,Closed,120000,170000
REQ-4120,Recruiting Coordinator,Security,IC5,APAC,t.moreau,2026-05-19,Closed,120000,160000
REQ-4121,Forward Deployed Engineer,Deployment Strategy,IC2,EMEA,r.aldridge,2026-04-11,Open,110000,160000
REQ-4122,Software Engineer,Engineering,IC2,AMER,r.aldridge,2026-08-31,Closed,120000,150000
REQ-4123,Data Engineer,Product,IC3,APAC,s.bello,2026-04-15,Open,120000,150000
REQ-4124,Security Engineer,Deployment Strategy,IC2,AMER,k.ivanov,2026-06-10,Open,140000,180000
REQ-4125,Recruiting Coordinator,Engineering,IC2,EMEA,t.moreau,2026-08-12,Open,110000,140000
